Subject,Predicted_Group,Chosen_Condition,Adaptive_Accuracy,Adaptive_F1,Raw_Accuracy,Raw_F1,All_Clean_Accuracy,All_Clean_F1,Adaptive_Accuracy_Improvement,Adaptive_F1_Improvement,Responder_Decision_Correct
A01,Harmed,Raw,0.6227758007117438,0.6150849154850597,0.6227758007117438,0.6150849154850597,0.5871886120996441,0.5697533583183418,0.0,0.0,1
A02,Harmed,Raw,0.342756183745583,0.3286963549329631,0.342756183745583,0.3286963549329631,0.3674911660777385,0.3585828275971122,0.0,0.0,1
A03,Harmed,Raw,0.6923076923076923,0.6770762367227954,0.6923076923076923,0.6770762367227954,0.7032967032967034,0.6755924093026737,0.0,0.0,1
A04,Responder,All_Clean,0.5087719298245614,0.5089476408412336,0.4385964912280701,0.4330969183721477,0.5087719298245614,0.5089476408412336,0.0701754385964913,0.0758507224690858,1
A05,Responder,All_Clean,0.3442028985507246,0.2866100043493601,0.3152173913043478,0.2458182770358732,0.3442028985507246,0.2866100043493601,0.0289855072463768,0.0407917273134869,1
A06,Harmed,Raw,0.4511627906976744,0.4432450739825371,0.4511627906976744,0.4432450739825371,0.4651162790697674,0.4547691181005242,0.0,0.0,1
A07,Responder,All_Clean,0.4909747292418772,0.4778662020610823,0.4584837545126354,0.4535917655575161,0.4909747292418772,0.4778662020610823,0.0324909747292417,0.0242744365035662,1
A08,Harmed,Raw,0.6568265682656826,0.6565976390556222,0.6568265682656826,0.6565976390556222,0.6900369003690037,0.6806904293046201,0.0,0.0,1
A09,Responder,All_Clean,0.7386363636363636,0.7386075368691581,0.6590909090909091,0.6582576519785905,0.7386363636363636,0.7386075368691581,0.0795454545454545,0.0803498848905676,1
