Subject,Class,Band,Raw_ERD_ERS_Percent,Clean_ERD_ERS_Percent,Delta_ERD_ERS_Percent
A01,Feet,Beta,-2.498320622682086,-5.4727632023712,-2.9744425796891143
A01,Feet,Mu,-17.370626335263513,-15.0897379426142,2.280888392649313
A01,Left_Hand,Beta,1.5510153891350047,-4.787063383169216,-6.338078772304221
A01,Left_Hand,Mu,-32.663113751957304,-36.79184259174914,-4.128728839791836
A01,Right_Hand,Beta,-6.042757972193894,-14.342334956251223,-8.29957698405733
A01,Right_Hand,Mu,-50.787793449598986,-54.028590038764456,-3.2407965891654604
A01,Tongue,Beta,3.257045959417063,-6.06653479123958,-9.323580750656642
A01,Tongue,Mu,4.703408433854794,11.077517317574042,6.374108883719248
A02,Feet,Beta,-4.133642539367926,2.7080408970332948,6.841683436401222
A02,Feet,Mu,-15.076828422041013,-9.860625099502805,5.21620332253821
A02,Left_Hand,Beta,11.81573393596863,13.762087750762287,1.9463538147936577
A02,Left_Hand,Mu,-30.386286194601848,-32.2751520021183,-1.8888658075164504
A02,Right_Hand,Beta,-9.4506065545386,-9.95410567727386,-0.5034991227352611
A02,Right_Hand,Mu,-17.244143883746066,-11.564033162933509,5.68011072081256
A02,Tongue,Beta,1.6824210467826008,-0.8298697713080235,-2.5122908180906243
A02,Tongue,Mu,-47.08650445950523,-48.573270976860464,-1.48676651735524
A03,Feet,Beta,5.947124808142239,-2.2799076862092518,-8.22703249435149
A03,Feet,Mu,-35.16031805293167,-39.42483414561071,-4.264516092679037
A03,Left_Hand,Beta,-13.064437869382608,-21.061947645209692,-7.997509775827088
A03,Left_Hand,Mu,-51.60638399330373,-63.41352597413208,-11.80714198082834
A03,Right_Hand,Beta,-0.7166137623403067,-11.70394056053928,-10.987326798198971
A03,Right_Hand,Mu,-53.30756945056695,-64.68154439016111,-11.373974939594158
A03,Tongue,Beta,-2.981000136795119,4.825700092507689,7.806700229302808
A03,Tongue,Mu,-31.480477629123573,-30.8275688216754,0.6529088074481765
A04,Feet,Beta,10.68060987600922,11.340503008527088,0.6598931325178686
A04,Feet,Mu,-7.8054054101398735,-13.698467176079836,-5.893061765939964
A04,Left_Hand,Beta,-14.148169504287637,-16.378232471300617,-2.230062967012981
A04,Left_Hand,Mu,-44.52769415233248,-45.40793303651088,-0.8802388841784108
A04,Right_Hand,Beta,-11.662387605714292,-9.542056507056198,2.120331098658092
A04,Right_Hand,Mu,-34.745096675152475,-38.3843008791874,-3.639204204034923
A04,Tongue,Beta,-0.606162307686772,-1.2493131068599217,-0.6431507991731488
A04,Tongue,Mu,-37.57830374405288,-34.69517731634965,2.883126427703227
A05,Feet,Beta,-0.5163844032194259,-2.551134624005084,-2.0347502207856576
A05,Feet,Mu,-43.51066053388804,-42.99759057713096,0.5130699567570787
A05,Left_Hand,Beta,-4.808036615520272,-7.770074296096983,-2.962037680576712
A05,Left_Hand,Mu,-41.55314418181058,-32.1638795229762,9.389264658834376
A05,Right_Hand,Beta,0.0605327544540017,-4.679157540151565,-4.739690294605567
A05,Right_Hand,Mu,-33.55529143049974,-20.929812278337963,12.62547915216178
A05,Tongue,Beta,8.54305002879934,9.599666985493805,1.056616956694464
A05,Tongue,Mu,-23.68799472911495,-16.427667982214697,7.260326746900252
A06,Feet,Beta,22.36418200821733,33.94726873657143,11.5830867283541
A06,Feet,Mu,-24.606234355353067,-20.95043291508237,3.655801440270698
A06,Left_Hand,Beta,-1.3509494879311563,-4.180242511226982,-2.829293023295827
A06,Left_Hand,Mu,-27.727311282204997,-32.82303053326476,-5.095719251059772
A06,Right_Hand,Beta,10.583412931855952,6.617467694214916,-3.965945237641037
A06,Right_Hand,Mu,-23.66312118671017,-31.96172029345541,-8.298599106745236
A06,Tongue,Beta,10.944893195166976,11.311873003811838,0.3669798086448619
A06,Tongue,Mu,-37.55679106142872,-36.6965852250103,0.860205836418416
A07,Feet,Beta,-31.6668778898067,-35.48452372317585,-3.817645833369147
A07,Feet,Mu,-54.91929429344855,-56.43077371948802,-1.5114794260394646
A07,Left_Hand,Beta,-37.9532360937829,-41.97902530094593,-4.025789207163025
A07,Left_Hand,Mu,-50.63342218603898,-50.9104313347197,-0.2770091486807307
A07,Right_Hand,Beta,-28.78880516069316,-35.58537042380829,-6.79656526311513
A07,Right_Hand,Mu,-42.34554796018008,-39.49179611843962,2.853751841740447
A07,Tongue,Beta,-15.312293888203984,-21.06959240922358,-5.757298521019597
A07,Tongue,Mu,-46.09472636184028,-45.15700442548317,0.9377219363571048
A08,Feet,Beta,1.7797639037284316,-10.021594501824266,-11.801358405552698
A08,Feet,Mu,-38.454241778223626,-39.23406050641263,-0.7798187281890078
A08,Left_Hand,Beta,-4.357228647739041,-18.41535855143305,-14.058129903694017
A08,Left_Hand,Mu,-39.06467588484849,-48.64189043272762,-9.577214547879136
A08,Right_Hand,Beta,4.397555760039906,-0.729287173527641,-5.126842933567548
A08,Right_Hand,Mu,-41.75126772132332,-48.99685867140429,-7.245590950080976
A08,Tongue,Beta,5.566013402847034,6.270852992399244,0.70483958955221
A08,Tongue,Mu,-1.4044393286739285,8.397757436878269,9.802196765552196
A09,Feet,Beta,-13.795148320392428,-14.550736683799824,-0.7555883634073961
A09,Feet,Mu,-31.96989107757281,-28.729999475383615,3.239891602189202
A09,Left_Hand,Beta,-35.4824603031753,-42.27920729229316,-6.796746989117859
A09,Left_Hand,Mu,-65.46329972460262,-66.84175037691482,-1.3784506523121962
A09,Right_Hand,Beta,-9.328750477038293,-15.777588847878256,-6.448838370839962
A09,Right_Hand,Mu,-36.117751020855145,-37.49733861941592,-1.379587598560775
A09,Tongue,Beta,5.699145303507319,4.9372574302911865,-0.7618878732161322
A09,Tongue,Mu,0.308288653188896,6.622712535419722,6.314423882230827
