Subject,Raw_Accuracy,Raw_F1,Lambda075_Accuracy,Lambda075_F1,EOG_Gamma_R2,Delta_Theta_R2,Delta_Alpha_Mu_R2,Gamma_Relative_Power,Delta_Accuracy,Delta_F1,Benefit_Group
A01,0.6227758007117438,0.6150849154850597,0.597864768683274,0.5871706369774887,41.86372590500031,-0.0471552780865337,0.0295862868760327,5.711555418569324,-0.0249110320284697,-0.027914278507571,No_Benefit
A02,0.342756183745583,0.3286963549329631,0.303886925795053,0.301613982563824,77.50212296825009,-0.0569048816171729,0.0123729747408106,6.0725932581273305,-0.0388692579505299,-0.0270823723691391,No_Benefit
A03,0.6923076923076923,0.6770762367227954,0.6886446886446886,0.6755069174576627,71.19697719965764,-0.0306141050538108,0.0482780897246012,13.290359861346827,-0.0036630036630036,-0.0015693192651327,No_Benefit
A04,0.4385964912280701,0.4330969183721477,0.4122807017543859,0.4056147965706103,29.37240040380305,-0.0645321403842911,0.0415172481218911,4.858377146151216,-0.0263157894736841,-0.0274821218015374,No_Benefit
A05,0.3152173913043478,0.2458182770358732,0.3369565217391304,0.3083240334077327,53.52550072120079,-0.07634625503888,-0.0339006935331404,4.625187295306202,0.0217391304347825,0.0625057563718594,Benefits
A06,0.4511627906976744,0.4432450739825371,0.4511627906976744,0.4457056016272883,35.34695997888247,-0.0350666892217964,0.0485639639307901,5.734683018190328,0.0,0.0024605276447511,No_Benefit
A07,0.4548736462093863,0.4498733765374632,0.516245487364621,0.5157769163170829,11.759621601613963,-0.0542130382238494,-0.0342377437013417,3.0672388695944486,0.0613718411552346,0.0659035397796197,Benefits
A08,0.6568265682656826,0.6560994137607762,0.6568265682656826,0.6539070250524224,78.91373614260745,-0.0474019023448395,0.048357201919159,5.869396736281489,0.0,-0.0021923887083538,No_Benefit
A09,0.6590909090909091,0.6582576519785905,0.6401515151515151,0.6429866543547238,17.59830648760525,-0.0751396460088394,-0.0046891966565917,1.5549264449246714,-0.0189393939393939,-0.0152709976238667,No_Benefit
