Subject,Class_ID,Class,N_Trials,Raw_C3_Normalized_Beta,Clean_C3_Normalized_Beta,Raw_Cz_Normalized_Beta,Clean_Cz_Normalized_Beta,Raw_C4_Normalized_Beta,Clean_C4_Normalized_Beta,Raw_C3_minus_C4,Clean_C3_minus_C4,Delta_C3_minus_C4,Raw_Expected_Hand_Lateralization,Clean_Expected_Hand_Lateralization,Delta_Expected_Hand_Lateralization,Delta_Accuracy,Delta_F1
A01,1,Left_Hand,71,0.0909881587930632,0.0544126377528408,0.0286708732558535,-0.0445028274364621,0.0577351026514676,-0.0171995989942102,0.0332530561415955,0.0716122367470511,0.0383591806054556,0.0332530561415955,0.0716122367470511,0.0383591806054556,-0.0249110320284697,-0.027914278507571
A01,2,Right_Hand,70,0.0588668732125095,-0.1174810781856865,0.0212337916947968,-0.151882495808621,0.0578762108443005,-0.0443282689341462,0.000990662368209,-0.0731528092515402,-0.0741434716197493,-0.000990662368209,0.0731528092515402,0.0741434716197493,-0.0249110320284697,-0.027914278507571
A01,3,Feet,69,0.0768404050722322,0.0717377688715018,-0.0126535171216212,-0.0495705448712068,0.0709253486066524,0.0229557259299331,0.0059150564655797,0.0487820429415686,0.0428669864759888,,,,-0.0249110320284697,-0.027914278507571
A01,4,Tongue,71,0.0468076728965913,0.0333876678949612,0.0053811103116031,-0.0411612393457967,-0.0348919073736053,-0.1088764481929846,0.0816995802701966,0.1422641160879459,0.0605645358177492,,,,-0.0249110320284697,-0.027914278507571
A02,1,Left_Hand,71,0.2840368748266567,0.3733362652275254,0.2147401695059445,0.2609305657528995,0.241203674152208,0.3206668705349531,0.0428332006744485,0.0526693946925723,0.0098361940181237,0.0428332006744485,0.0526693946925723,0.0098361940181237,-0.0388692579505299,-0.0270823723691391
A02,2,Right_Hand,71,0.0163713699560232,-0.039683727527281,0.0488557095453161,-0.0033758119644326,0.0927314742502331,0.0870054956892656,-0.0763601042942098,-0.1266892232165467,-0.0503291189223368,0.0763601042942098,0.1266892232165467,0.0503291189223368,-0.0388692579505299,-0.0270823723691391
A02,3,Feet,69,0.2585978482204151,0.213870691852531,0.4042065448543805,0.542310284176206,0.2668930386907053,0.2408158265874841,-0.0082951904702902,-0.0269451347349531,-0.0186499442646629,,,,-0.0388692579505299,-0.0270823723691391
A02,4,Tongue,72,0.1324042893068296,0.0457641680262406,0.1331412902209944,0.0286023988516758,0.0723624298962713,-0.0460182044024751,0.0600418594105583,0.0917823724287157,0.0317405130181574,,,,-0.0388692579505299,-0.0270823723691391
A03,1,Left_Hand,67,-0.0627144262795309,-0.2426209459963772,0.0031711062154977,-0.1583867083054364,-0.0537564938729815,-0.2088356491135763,-0.0089579324065493,-0.0337852968828009,-0.0248273644762516,-0.0089579324065493,-0.0337852968828009,-0.0248273644762516,-0.0036630036630036,-0.0015693192651327
A03,2,Right_Hand,70,-0.0171595274920275,-0.2136677336990967,0.0357147789198663,-0.063016898555586,0.0391418179593818,-0.0811474558082256,-0.0563013454514094,-0.1325202778908711,-0.0762189324394617,0.0563013454514094,0.1325202778908711,0.0762189324394617,-0.0036630036630036,-0.0015693192651327
A03,3,Feet,68,0.1568080218091136,-0.0157880132510334,0.1299137343841066,-0.0714316174494964,0.1602823952884448,-0.0364496061341226,-0.0034743734793312,0.0206615928830891,0.0241359663624204,,,,-0.0036630036630036,-0.0015693192651327
A03,4,Tongue,68,0.151685387767025,0.1951215388395229,0.0789226372690144,0.1008486126694978,0.0303739394503991,0.0790914419698093,0.1213114483166258,0.1160300968697135,-0.0052813514469123,,,,-0.0036630036630036,-0.0015693192651327
A04,1,Left_Hand,59,-0.123839427698984,-0.1045900231518615,-0.1757381126876067,-0.1694838518163126,-0.0200046831121456,0.0084874364287654,-0.1038347445868384,-0.113077459580627,-0.0092427149937885,-0.1038347445868384,-0.113077459580627,-0.0092427149937885,-0.0263157894736841,-0.0274821218015374
A04,2,Right_Hand,57,-0.0709055414918192,-0.079743584707167,-0.125591926322089,-0.1379872143572433,0.1229386853614326,0.1667533855736765,-0.1938442268532519,-0.2464969702808435,-0.0526527434275916,0.1938442268532519,0.2464969702808435,0.0526527434275916,-0.0263157894736841,-0.0274821218015374
A04,3,Feet,59,0.1218075492702338,0.0871405784178465,0.2039258825888639,0.1582068517325761,0.3207318368066695,0.2985265916900031,-0.1989242875364357,-0.2113860132721564,-0.0124617257357207,,,,-0.0263157894736841,-0.0274821218015374
A04,4,Tongue,53,0.0901979593008334,0.0867109274816444,0.1699298841892249,0.1627503001876596,0.3621367118543719,0.4343438264593954,-0.2719387525535384,-0.347632898977751,-0.0756941464242125,,,,-0.0263157894736841,-0.0274821218015374
A05,1,Left_Hand,70,-0.046131160157473,-0.0962086174949932,-0.0199616267553347,-0.0753289004971394,-0.0050932245737415,-0.0674946523858921,-0.0410379355837315,-0.028713965109101,0.0123239704746304,-0.0410379355837315,-0.028713965109101,0.0123239704746304,0.0217391304347825,0.0625057563718594
A05,2,Right_Hand,65,-0.008838292143699,-0.0407392278933845,-0.0142517712607248,-0.04320310564617,0.0140809486911545,-0.0270466682538728,-0.0229192408348536,-0.0136925596395117,0.0092266811953418,0.0229192408348536,0.0136925596395117,-0.0092266811953418,0.0217391304347825,0.0625057563718594
A05,3,Feet,72,0.0955257687161578,0.0517273949409818,0.1200433395477026,0.0670298300944978,0.1221158250405451,0.0654031142607157,-0.0265900563243872,-0.0136757193197339,0.0129143370046533,,,,0.0217391304347825,0.0625057563718594
A05,4,Tongue,69,0.0983469512704517,0.1126253589302151,0.0705498452623945,0.0793855508393254,0.0589270397712004,0.0681256050603838,0.0394199114992513,0.0444997538698312,0.0050798423705799,,,,0.0217391304347825,0.0625057563718594
A06,1,Left_Hand,53,0.0572791274119405,-0.0601736932737269,0.0986692829834107,-0.1666599172543489,0.089693953164993,-0.0315971679336324,-0.0324148257530524,-0.0285765253400944,0.0038383004129579,-0.0324148257530524,-0.0285765253400944,0.0038383004129579,0.0,0.0024605276447511
A06,2,Right_Hand,55,-0.1169356649009083,-0.1228979529551446,0.0083252858472871,-0.1423806318894325,0.0193752938305417,-0.0673935533329392,-0.13631095873145,-0.0555043996222054,0.0808065591092445,0.13631095873145,0.0555043996222054,-0.0808065591092445,0.0,0.0024605276447511
A06,3,Feet,54,0.348553141219682,0.3673998694790025,0.165839839822778,0.1839778114345564,0.2430728188675649,0.3377845367470528,0.105480322352117,0.0296153327319496,-0.0758649896201673,,,,0.0,0.0024605276447511
A06,4,Tongue,53,0.2879021158725874,0.1913876906656242,0.1836411250012628,-0.0108365854374939,0.2006625245094034,0.194794547393763,0.0872395913631841,-0.0034068567281386,-0.0906464480913228,,,,0.0,0.0024605276447511
A07,1,Left_Hand,71,-0.4529496078210209,-0.4714158576493183,-0.3242757070753236,-0.3412330493777307,-0.3456747186938603,-0.4171629038838964,-0.1072748891271606,-0.0542529537654218,0.0530219353617388,-0.1072748891271606,-0.0542529537654218,0.0530219353617388,0.0613718411552346,0.0659035397796197
A07,2,Right_Hand,69,-0.3570463282356943,-0.4064563263357524,-0.312574206116514,-0.3482276889245637,-0.1803197273777023,-0.2240970226859403,-0.1767266008579919,-0.1823593036498122,-0.0056327027918202,0.1767266008579919,0.1823593036498122,0.0056327027918202,0.0613718411552346,0.0659035397796197
A07,3,Feet,71,-0.1834632436965796,-0.1879320232772486,-0.3532141216861162,-0.3899057994087138,-0.1861418405287352,-0.200625781664647,0.0026785968321556,0.0126937583873984,0.0100151615552428,,,,0.0613718411552346,0.0659035397796197
A07,4,Tongue,66,-0.0759232897527393,-0.1111299694360248,-0.2150772401530063,-0.2560067585596815,-0.0705061339609264,-0.1168353955484594,-0.0054171557918128,0.0057054261124345,0.0111225819042474,,,,0.0613718411552346,0.0659035397796197
A08,1,Left_Hand,66,0.0131599266439399,-0.1948885401843374,0.0261521915992392,-0.206848767410126,0.0449275838689583,-0.1948081727179986,-0.0317676572250184,-8.036746633881222e-05,0.0316872897586796,-0.0317676572250184,-8.036746633881222e-05,0.0316872897586796,0.0,-0.0021923887083538
A08,2,Right_Hand,68,0.0132141674861654,-0.0744887996703654,-0.0078223009959567,-0.0931318405307282,0.0431340115228123,-0.013698524566186,-0.0299198440366468,-0.0607902751041793,-0.0308704310675325,0.0299198440366468,0.0607902751041793,0.0308704310675325,0.0,-0.0021923887083538
A08,3,Feet,69,0.0133641477796491,-0.1013271545760669,-0.0011192621859985,-0.0774201609017677,0.0369502149620744,-0.0336207265486892,-0.0235860671824252,-0.0677064280273777,-0.0441203608449524,,,,0.0,-0.0021923887083538
A08,4,Tongue,68,-0.016846521821151,-0.0087778089342502,-0.0298147034471569,0.0023237324077419,-0.0857493511747672,-0.1709194923586206,0.0689028293536162,0.1621416834243703,0.0932388540707541,,,,0.0,-0.0021923887083538
A09,1,Left_Hand,65,-0.3888816804011437,-0.4140061138418283,-0.3415372253538419,-0.3318040416186704,-0.4708615382032385,-0.5306538742595506,0.0819798578020948,0.1166477604177222,0.0346679026156273,0.0819798578020948,0.1166477604177222,0.0346679026156273,-0.0189393939393939,-0.0152709976238667
A09,2,Right_Hand,65,-0.059096165346464,-0.041518065449967,-0.0278134921128744,-0.0814622809673061,-0.0440337463974737,0.000605725962441,-0.0150624189489903,-0.042123791412408,-0.0270613724634177,0.0150624189489903,0.042123791412408,0.0270613724634177,-0.0189393939393939,-0.0152709976238667
A09,3,Feet,69,0.0112205595660655,0.0471404396018511,-0.1204605695689605,-0.1291060323704419,-0.156130524070391,-0.0846543068041369,0.1673510836364566,0.131794746405988,-0.0355563372304686,,,,-0.0189393939393939,-0.0152709976238667
A09,4,Tongue,65,0.2358544840329537,0.3593300510518322,-0.0130863236789687,0.0104584056432648,0.0692496078823101,0.0518826023089955,0.1666048761506436,0.3074474487428365,0.1408425725921929,,,,-0.0189393939393939,-0.0152709976238667
