Subject,Window_Index,Window_Start_s,Window_End_s,Overall_Central_R2,Theta_Central_R2,Alpha_Mu_Central_R2,Beta_Central_R2,Gamma_Central_R2
A01,0,0.0,0.5,0.20175249773503295,0.15495132359610905,0.22988120645670118,0.2606218019547157,0.28583792463463825
A01,1,0.248,0.748,0.20640885564617137,0.13848321316153103,0.24099089412085598,0.2682305400759436,0.29011401675625026
A01,2,0.496,0.996,0.23013187527587123,0.15453279856357108,0.2917229231831836,0.2836986699572331,0.2981565880827482
A01,3,0.744,1.244,0.22920023195116215,0.17032653198893885,0.29033809054763476,0.28169628318080303,0.3353659105076094
A01,4,0.992,1.492,0.22773634670567397,0.15996065721010708,0.2767231253402987,0.27403408910026683,0.34035529057752734
A01,5,1.24,1.74,0.23394624868498498,0.15743998854264718,0.28474735391181266,0.2862373670693769,0.3313744320808946
A01,6,1.488,1.988,0.2346449434728704,0.15591911365289735,0.2992922939725267,0.2875277363100524,0.3426465656281789
A01,7,1.736,2.236,0.21264161994348352,0.15283260594847292,0.25051893166345657,0.2653781211144106,0.3366322972479368
A01,8,1.984,2.484,0.2129657359711333,0.14793188357580386,0.25283741849985564,0.27333718144703306,0.3315789407402693
A01,9,2.232,2.732,0.22551444540314508,0.13815915611902688,0.27704916556885995,0.29696985122803005,0.34799819395991594
A01,10,2.48,2.98,0.24315967969848207,0.14459604205636012,0.28028637059235534,0.31095633087603036,0.3616044864352233
A01,11,2.728,3.228,0.25310634065866955,0.151536591023331,0.29654495726916735,0.30410370029796957,0.3658328008395592
A01,12,2.976,3.476,0.25005742300801925,0.1443811054867235,0.2929532248478018,0.312789558019351,0.3742807332491324
A01,13,3.224,3.724,0.24988909166372936,0.13603586197432896,0.29317101481830293,0.32054679322471846,0.3804975017861375
A01,14,3.472,3.972,0.2560916385966735,0.1506135418998813,0.2882283570343795,0.32380419499661245,0.3780848796802959
A02,0,0.0,0.5,0.6043659316857296,0.3785212291185252,0.538374944873675,0.6382898530136285,0.6839389691211627
A02,1,0.248,0.748,0.5491663169226422,0.24689623609848838,0.46364292091085796,0.6253031221283263,0.6804780300119738
A02,2,0.496,0.996,0.5867071525151255,0.21544254401214713,0.5406892573897328,0.6267071097962209,0.6755112353613831
A02,3,0.744,1.244,0.5816298436639465,0.21810506793108989,0.5677111971670319,0.6151110579912722,0.6623253150652899
A02,4,0.992,1.492,0.5792735531194174,0.22503257919673392,0.5857932432241607,0.6189749438267508,0.6747754918190862
A02,5,1.24,1.74,0.5934394957417793,0.21795889143181543,0.601218396760882,0.6433465332855423,0.7091203846811083
A02,6,1.488,1.988,0.6028287699812326,0.20188250338673583,0.6051987698424165,0.6626389281502583,0.7242067008568287
A02,7,1.736,2.236,0.614401425841864,0.2315935471684675,0.5982711943934274,0.6698219260289004,0.7230645392326036
A02,8,1.984,2.484,0.5813601320473656,0.2394699771477958,0.525107942075711,0.6592604954972826,0.701830457880565
A02,9,2.232,2.732,0.5582994678441121,0.2055120747660534,0.44325857326356244,0.6606727452652293,0.7084232145055511
A02,10,2.48,2.98,0.6100559112585543,0.21101747411844962,0.5500631657509373,0.6724167997571898,0.7372588893324417
A02,11,2.728,3.228,0.6229700897709665,0.22005535259014974,0.5886926681765526,0.6668715633786044,0.7345841030987792
A02,12,2.976,3.476,0.6056451616872485,0.21398995761261996,0.5505595887402509,0.6653138690324307,0.7502739516156517
A02,13,3.224,3.724,0.5901597178080807,0.2002842375656596,0.52188941019475,0.6600112123191719,0.7597367584680458
A02,14,3.472,3.972,0.6137578201155065,0.22886666617888024,0.5479481330243948,0.6776425339128035,0.7675098301645983
A03,0,0.0,0.5,0.25759066201629816,0.1575184539769529,0.16207442899360622,0.5387653636692807,0.630639128503337
A03,1,0.248,0.748,0.30871645791059754,0.1910053611328317,0.15857608959667616,0.5437669345723263,0.6272336730650974
A03,2,0.496,0.996,0.32140891879197986,0.2226038012519723,0.16629409200920608,0.5553769458393428,0.6212726627561119
A03,3,0.744,1.244,0.32295680813227734,0.2195060704004622,0.17239874337042427,0.5711071500147465,0.6272171311326539
A03,4,0.992,1.492,0.33315697878579975,0.23669082756433305,0.18754014889530982,0.567096381794054,0.6419462509742654
A03,5,1.24,1.74,0.3403976772628358,0.2311612225788398,0.18927040161406372,0.5615953352440266,0.6396948525391437
A03,6,1.488,1.988,0.34148500301073414,0.22102701064288285,0.19098901211839708,0.5678992800244366,0.6308803503740307
A03,7,1.736,2.236,0.3132426816222633,0.1587441163116624,0.20137967364452114,0.5554354368334623,0.621051617756387
A03,8,1.984,2.484,0.3124808428488199,0.15998846137910122,0.2176254139559549,0.5515807578417082,0.6289428215969848
A03,9,2.232,2.732,0.3783345596409768,0.18755282520010436,0.2518106292689647,0.5885917555045631,0.6571891966797928
A03,10,2.48,2.98,0.41370093437951466,0.20874435729657773,0.2747959780747408,0.6117045600929195,0.679110671015975
A03,11,2.728,3.228,0.4080138442834058,0.23081860601917392,0.2621702547749272,0.6156683771111732,0.6786779851183192
A03,12,2.976,3.476,0.3800022595783825,0.20273722690206164,0.2344768508584199,0.6246740971253488,0.6802613047773244
A03,13,3.224,3.724,0.3869089193632489,0.19224069148864895,0.23556404707115713,0.6212727575746508,0.6727551683640923
A03,14,3.472,3.972,0.41625915209461534,0.2009663017065685,0.2582798535727245,0.6277701909087173,0.6763972420655604
A04,0,0.0,0.5,0.18057368429962264,0.16310326216548685,0.24026789234378304,0.16942854245736003,0.15110824574302112
A04,1,0.248,0.748,0.18113827304166566,0.1560656932834173,0.21079671626523597,0.2045924552066656,0.1873558515622783
A04,2,0.496,0.996,0.18759002617996634,0.1473809643146054,0.22612143731933843,0.22503896292855627,0.26385757208458854
A04,3,0.744,1.244,0.18209566172743377,0.146772368941902,0.21949032185260245,0.21878847435612267,0.2622915855082803
A04,4,0.992,1.492,0.17410964177695373,0.1502365099232582,0.20398440275493684,0.20730807729275263,0.27249161926753457
A04,5,1.24,1.74,0.17993050552064735,0.1464823582215873,0.20704060659168694,0.21493871433627584,0.28897156119738654
A04,6,1.488,1.988,0.190348303604143,0.14361225024829488,0.22763423629452245,0.2437717547833534,0.2976077870427281
A04,7,1.736,2.236,0.1871648110230125,0.15189170136914776,0.22633063078084242,0.23244210066402943,0.27831300931032077
A04,8,1.984,2.484,0.17512030074016596,0.16136926828939963,0.21689172611947455,0.20913091265426637,0.24296878855543713
A04,9,2.232,2.732,0.16510531923805907,0.15642985816336188,0.1951947158249155,0.21713977734528908,0.24957750162165415
A04,10,2.48,2.98,0.1935109686333087,0.16231479637895382,0.2183774778042587,0.23449150391158535,0.2925733036975592
A04,11,2.728,3.228,0.20342866794657183,0.1609766818018845,0.23617833110966932,0.2449389723746504,0.29506092008036217
A04,12,2.976,3.476,0.19922508750658335,0.15002839248420444,0.2471111900999453,0.24015242997470237,0.3036525326472817
A04,13,3.224,3.724,0.19859008634296837,0.15662229577336859,0.25263352900207375,0.22447719636238608,0.28159976115049956
A04,14,3.472,3.972,0.20151757841836035,0.17089247658255557,0.2507188267798189,0.22465668553030466,0.2647683289673626
A05,0,0.0,0.5,0.35404370373819744,0.28587364678710425,0.3541476155975511,0.44425635306946415,0.35430450592527485
A05,1,0.248,0.748,0.38645791305067234,0.2785469235945967,0.42083922031569604,0.527209379820902,0.43098181743436464
A05,2,0.496,0.996,0.4100385304846174,0.2588779275111936,0.4107615334077863,0.5511526780399673,0.47618757794040273
A05,3,0.744,1.244,0.4029185634802545,0.24381906575763543,0.4094595298455824,0.5373738096799685,0.48432025217956864
A05,4,0.992,1.492,0.3972184130619333,0.22577564482866996,0.40530824216299044,0.5454742890679687,0.4711423211270364
A05,5,1.24,1.74,0.3914319305809455,0.20787780538576053,0.40914556085446513,0.5448118024090913,0.4623268378502288
A05,6,1.488,1.988,0.38304459216091236,0.18845937047582412,0.42645990899288355,0.5420901325614194,0.45077043249153775
A05,7,1.736,2.236,0.3213153066481834,0.1479534875023464,0.37190499500766727,0.4842275972165082,0.3838102753111247
A05,8,1.984,2.484,0.2828386190666926,0.12806133538810183,0.349243628459908,0.4958997514146718,0.36903384847110493
A05,9,2.232,2.732,0.32176900362372207,0.14958114573081982,0.35567393299069006,0.5531345337959079,0.4471956613419506
A05,10,2.48,2.98,0.3761174974614743,0.2090392254684804,0.36453951167234844,0.5279593215461726,0.46534530040942707
A05,11,2.728,3.228,0.37384159901058567,0.20841876481597027,0.38900156532967944,0.5203901095247591,0.4479268493053394
A05,12,2.976,3.476,0.38123750802343903,0.2003822807703385,0.40836292568828286,0.5324911277108669,0.4525537231646608
A05,13,3.224,3.724,0.37108524187691194,0.18969035117366567,0.39647116110219277,0.5449015485264042,0.44715721265909325
A05,14,3.472,3.972,0.37494276611228444,0.1924030896951479,0.38852281972216113,0.5451114445089292,0.4369772531965079
A06,0,0.0,0.5,0.26539623746626995,0.32576633055107146,0.2955668389952368,0.2249315865834472,0.23726794023178596
A06,1,0.248,0.748,0.2515501194377438,0.2882400483981331,0.260093878754837,0.2517521664166746,0.2783404568814896
A06,2,0.496,0.996,0.2533838477782499,0.26821107000453775,0.27288868507903496,0.27615611882710184,0.34335208664823746
A06,3,0.744,1.244,0.25081841985646725,0.26804113592937734,0.2681078254540169,0.27799525290833565,0.3349014340452833
A06,4,0.992,1.492,0.2463615585719472,0.28675516602629364,0.2817310456602677,0.24764927433526354,0.31970297993720076
A06,5,1.24,1.74,0.253895464062076,0.28129837176387074,0.28784165588100924,0.2500471609041506,0.3080469800411358
A06,6,1.488,1.988,0.26126460425257914,0.2903334930476717,0.277622795680669,0.2785207589816987,0.30740449912516177
A06,7,1.736,2.236,0.25644329840519486,0.29917932792576024,0.26968971224196275,0.27070346485197,0.29622513873975603
A06,8,1.984,2.484,0.2528902710061919,0.3251007069745544,0.24538295455887402,0.24286998515485084,0.28623256381672263
A06,9,2.232,2.732,0.2625756173503337,0.3137975638579928,0.24288830913591178,0.26066475793080546,0.308925293097005
A06,10,2.48,2.98,0.2594659012407088,0.2803762901745971,0.2572322652496988,0.2870114795495611,0.33019039525829263
A06,11,2.728,3.228,0.26496401643378853,0.29013048817571446,0.2740111502902137,0.29637144275913135,0.3320433560866045
A06,12,2.976,3.476,0.2703890127532803,0.2708553374793388,0.29862107069445365,0.3050354680015491,0.3282085721474223
A06,13,3.224,3.724,0.2703839305095455,0.27430788557099633,0.307365423851882,0.29280496939934286,0.3318059993506737
A06,14,3.472,3.972,0.29055480686574015,0.29967122551839176,0.3141868080690302,0.29196455078643735,0.3411445223266221
A07,0,0.0,0.5,0.2255101056315273,0.2777315431824129,0.32169722411422846,0.14749258764582981,0.08232557821751085
A07,1,0.248,0.748,0.17603700971319605,0.24860451682960033,0.27431502774313543,0.13295979409621542,0.07823543767844701
A07,2,0.496,0.996,0.17552451295374968,0.25472672471562885,0.27868003532860197,0.13296536833210842,0.08575483323113672
A07,3,0.744,1.244,0.18865551042076967,0.26440896814359854,0.29131541528618027,0.13674475326423804,0.08926751590855003
A07,4,0.992,1.492,0.19308014805044255,0.2584509791124488,0.288544384538086,0.14514504211436488,0.08712548220132098
A07,5,1.24,1.74,0.18202567454131222,0.24166373864369817,0.26914568303203945,0.14085699394834608,0.08470535022033883
A07,6,1.488,1.988,0.18719103292036682,0.2366034707552331,0.2737456638799274,0.14074206104217588,0.08503655955023277
A07,7,1.736,2.236,0.20785702362932754,0.2619946382450372,0.28268967298313147,0.15155048300024884,0.08259495083881845
A07,8,1.984,2.484,0.20002610959630485,0.2898858106345027,0.26882873244307237,0.13992318062486847,0.06559465745854652
A07,9,2.232,2.732,0.1949301733022004,0.25798145744912054,0.2894550558982686,0.16357597948291674,0.06505514651828558
A07,10,2.48,2.98,0.21898706014450062,0.23077279084171354,0.3333103167384241,0.1899678356470408,0.09723929231698904
A07,11,2.728,3.228,0.22351241747452968,0.24522975016973733,0.31497363025988656,0.19179150289955754,0.10727401697170584
A07,12,2.976,3.476,0.2088454558343901,0.23655016882349572,0.30097885244034656,0.17579260144912337,0.09747339825034489
A07,13,3.224,3.724,0.20099572806619712,0.2294510722487858,0.2986216129445175,0.17486514768320724,0.10167702541106272
A07,14,3.472,3.972,0.21981770722977434,0.23899289854383385,0.31197296061683916,0.19111642608985133,0.10814956119294906
A08,0,0.0,0.5,0.4382494905466884,0.3957602391972634,0.35689083933715077,0.5237042770607516,0.5947460911880552
A08,1,0.248,0.748,0.4301024273392932,0.3375665568827285,0.33681532903426664,0.5637486506790476,0.6621507756041378
A08,2,0.496,0.996,0.48044579208582283,0.3418884762897057,0.39717537640962947,0.6031484660953566,0.7257662373379669
A08,3,0.744,1.244,0.5095079443071632,0.3665996658964498,0.4116820473487875,0.6256141757081675,0.7421407655703998
A08,4,0.992,1.492,0.5075427140803184,0.3543186031373957,0.4100853717198793,0.6289964303002795,0.7655682131183884
A08,5,1.24,1.74,0.5074456957844441,0.34525639211740883,0.3987288404149651,0.6365555930865477,0.7787212281455747
A08,6,1.488,1.988,0.5094587725222987,0.36233131763174375,0.3864553975809973,0.6519806460675026,0.781066980794451
A08,7,1.736,2.236,0.48974124961727955,0.3545927909290228,0.3544690898063922,0.6489021472959718,0.7709076659788152
A08,8,1.984,2.484,0.4384695936664901,0.2989028022834438,0.3447452664078448,0.583372764952601,0.7098521873038358
A08,9,2.232,2.732,0.4638960103119968,0.2966420938753254,0.3876440080270352,0.5873963411874924,0.6956687587342727
A08,10,2.48,2.98,0.5182065361760912,0.33631896370201286,0.4259700309334784,0.6416004894839155,0.7507536790404612
A08,11,2.728,3.228,0.5208904074943533,0.33704948160416404,0.4371624715516086,0.6493177657713367,0.7651964711536474
A08,12,2.976,3.476,0.5190094990047232,0.33461795368437064,0.42794238089301406,0.6560818693910534,0.7830995114683938
A08,13,3.224,3.724,0.5287281852251828,0.3233237360833238,0.4320569668655035,0.6609295424684696,0.7897769619107483
A08,14,3.472,3.972,0.5515943852032821,0.3385293891895845,0.45650814293752606,0.6652849623757646,0.79025970305559
A09,0,0.0,0.5,0.2528161110644014,0.30461814753707117,0.25685143111448167,0.23196446116512345,0.15970841429576635
A09,1,0.248,0.748,0.2126291535402873,0.30075949517266026,0.23030850109804538,0.24043806564344877,0.1616638208946043
A09,2,0.496,0.996,0.22346068260681715,0.2889908635659067,0.2529679472129871,0.2553082667186778,0.1686558334561501
A09,3,0.744,1.244,0.23026767511179924,0.256371113732332,0.27389028223378387,0.25104619392623323,0.16362272066026026
A09,4,0.992,1.492,0.23291558256766612,0.24152851005109544,0.27169249803780904,0.2567639025749759,0.15391178468770542
A09,5,1.24,1.74,0.23820695170056985,0.2481573835399683,0.26979570532825287,0.26031612211620136,0.14853271542317067
A09,6,1.488,1.988,0.22780121316289684,0.23258455422717825,0.25904744656913625,0.2542846243827133,0.1691576721883665
A09,7,1.736,2.236,0.2097414056100718,0.19326178199039523,0.24964802076840448,0.24531262392890238,0.17353031703296648
A09,8,1.984,2.484,0.14195287095162096,0.14707026410649476,0.2119269946186151,0.22271136321025933,0.1464345797079895
A09,9,2.232,2.732,0.13333622140054335,0.140747702376601,0.20259182070219559,0.21899882699899598,0.12964767472833882
A09,10,2.48,2.98,0.18276756269787814,0.172057106513696,0.24361621930305802,0.24919824071322166,0.13639490950744534
A09,11,2.728,3.228,0.2042420195902765,0.19937961203771223,0.26638094194485634,0.26397917688406125,0.14093201034653285
A09,12,2.976,3.476,0.23126402772054802,0.22692160979303375,0.27133564848980124,0.2831865533080331,0.15867987846337725
A09,13,3.224,3.724,0.2278646863303308,0.23498002158423437,0.2694992153137442,0.2829110006520952,0.16650492048839646
A09,14,3.472,3.972,0.23114558105831126,0.2504402932972017,0.26689615177067083,0.27504673857844536,0.17635762775023392
