Subject,Class_ID,Class,Channel,Band,N_Trials,Raw_ERD_ERS_percent,Clean_ERD_ERS_percent,Delta_ERD_ERS_percent,Delta_Accuracy,Delta_F1
A01,1,Left_Hand,C3,Mu,71,78.33637952788398,77.83249495745105,-0.5038845704329236,-0.02491103202846978,-0.027914278507571
A01,2,Right_Hand,C3,Mu,70,32.97593333229546,22.21206026946839,-10.763873062827066,-0.02491103202846978,-0.027914278507571
A01,3,Feet,C3,Mu,69,136.80960645340667,146.00871255361758,9.199106100210907,-0.02491103202846978,-0.027914278507571
A01,4,Tongue,C3,Mu,71,119.38824725388217,153.06759964688584,33.67935239300369,-0.02491103202846978,-0.027914278507571
A01,1,Left_Hand,C3,Beta,71,15.587741440707953,8.366892062683776,-7.220849378024179,-0.02491103202846978,-0.027914278507571
A01,2,Right_Hand,C3,Beta,70,7.185081498119149,3.1123857408989797,-4.07269575722017,-0.02491103202846978,-0.027914278507571
A01,3,Feet,C3,Beta,69,14.51276423446292,16.709093613879777,2.1963293794168566,-0.02491103202846978,-0.027914278507571
A01,4,Tongue,C3,Beta,71,12.472296208900403,16.224622232941993,3.75232602404159,-0.02491103202846978,-0.027914278507571
A01,1,Left_Hand,Cz,Mu,71,55.431078518795275,52.8620464709354,-2.569032047859878,-0.02491103202846978,-0.027914278507571
A01,2,Right_Hand,Cz,Mu,70,49.672289179994614,57.21242873552182,7.540139555527214,-0.02491103202846978,-0.027914278507571
A01,3,Feet,Cz,Mu,69,111.34599095975253,142.16169911800398,30.81570815825146,-0.02491103202846978,-0.027914278507571
A01,4,Tongue,Cz,Mu,71,87.07872414327403,110.00295450673583,22.9242303634618,-0.02491103202846978,-0.027914278507571
A01,1,Left_Hand,Cz,Beta,71,6.861067575807308,-1.1554112595441914,-8.016478835351498,-0.02491103202846978,-0.027914278507571
A01,2,Right_Hand,Cz,Beta,70,0.10249093872404012,-7.6954836841159855,-7.797974622840027,-0.02491103202846978,-0.027914278507571
A01,3,Feet,Cz,Beta,69,12.540280931287358,10.328601583474427,-2.2116793478129315,-0.02491103202846978,-0.027914278507571
A01,4,Tongue,Cz,Beta,71,13.945802846606524,14.044147887475962,0.09834504086943728,-0.02491103202846978,-0.027914278507571
A01,1,Left_Hand,C4,Mu,71,32.06346582390093,37.02482696255879,4.96136113865786,-0.02491103202846978,-0.027914278507571
A01,2,Right_Hand,C4,Mu,70,32.80992878981706,33.73669537764484,0.9267665878277914,-0.02491103202846978,-0.027914278507571
A01,3,Feet,C4,Mu,69,129.49171501661021,174.9913681433926,45.49965312678236,-0.02491103202846978,-0.027914278507571
A01,4,Tongue,C4,Mu,71,113.65094670026147,140.4690128386201,26.818066138358642,-0.02491103202846978,-0.027914278507571
A01,1,Left_Hand,C4,Beta,71,6.627925352482017,-3.1340214661290364,-9.761946818611053,-0.02491103202846978,-0.027914278507571
A01,2,Right_Hand,C4,Beta,70,10.218357036165163,3.6340131186691047,-6.584343917496056,-0.02491103202846978,-0.027914278507571
A01,3,Feet,C4,Beta,69,29.11587324223116,27.716343446889816,-1.3995297953413497,-0.02491103202846978,-0.027914278507571
A01,4,Tongue,C4,Beta,71,10.382126747014324,13.173031414398526,2.7909046673842015,-0.02491103202846978,-0.027914278507571
A02,1,Left_Hand,C3,Mu,71,192.7445593257963,202.41188544261792,9.667326116821584,-0.03886925795052998,-0.02708237236913913
A02,2,Right_Hand,C3,Mu,71,160.06539320744477,158.94618276327756,-1.1192104441672195,-0.03886925795052998,-0.02708237236913913
A02,3,Feet,C3,Mu,69,151.54999228252768,224.44202904576733,72.89203676323963,-0.03886925795052998,-0.02708237236913913
A02,4,Tongue,C3,Mu,72,185.97781700421237,146.95614501781208,-39.02167198640031,-0.03886925795052998,-0.02708237236913913
A02,1,Left_Hand,C3,Beta,71,16.839259405612932,11.923358727199759,-4.915900678413175,-0.03886925795052998,-0.02708237236913913
A02,2,Right_Hand,C3,Beta,71,15.592190228822139,4.846417460559423,-10.745772768262718,-0.03886925795052998,-0.02708237236913913
A02,3,Feet,C3,Beta,69,-2.8002902446575995,-3.706660369229287,-0.906370124571687,-0.03886925795052998,-0.02708237236913913
A02,4,Tongue,C3,Beta,72,18.945580667743272,9.677859251317724,-9.267721416425552,-0.03886925795052998,-0.02708237236913913
A02,1,Left_Hand,Cz,Mu,71,200.71120607949248,176.4567865708169,-24.254419508675625,-0.03886925795052998,-0.02708237236913913
A02,2,Right_Hand,Cz,Mu,71,218.5391958367091,184.13324684442847,-34.40594899228065,-0.03886925795052998,-0.02708237236913913
A02,3,Feet,Cz,Mu,69,190.1723087578717,206.71506927308346,16.542760515211715,-0.03886925795052998,-0.02708237236913913
A02,4,Tongue,Cz,Mu,72,180.88701799646583,164.92793347661816,-15.959084519847622,-0.03886925795052998,-0.02708237236913913
A02,1,Left_Hand,Cz,Beta,71,18.28603919577698,11.100478956849308,-7.18556023892767,-0.03886925795052998,-0.02708237236913913
A02,2,Right_Hand,Cz,Beta,71,21.827325243491565,15.602573362339193,-6.224751881152377,-0.03886925795052998,-0.02708237236913913
A02,3,Feet,Cz,Beta,69,7.224011122250671,20.051130671912986,12.827119549662312,-0.03886925795052998,-0.02708237236913913
A02,4,Tongue,Cz,Beta,72,24.377753888915155,11.613701318962162,-12.764052569952987,-0.03886925795052998,-0.02708237236913913
A02,1,Left_Hand,C4,Mu,71,203.774576406279,201.21872190580143,-2.5558545004775977,-0.03886925795052998,-0.02708237236913913
A02,2,Right_Hand,C4,Mu,71,188.45316163834897,182.5748755614285,-5.878286076920453,-0.03886925795052998,-0.02708237236913913
A02,3,Feet,C4,Mu,69,166.90111013368278,164.9314176218968,-1.9696925117859814,-0.03886925795052998,-0.02708237236913913
A02,4,Tongue,C4,Mu,72,161.16323394216514,155.6588399914622,-5.504393950702966,-0.03886925795052998,-0.02708237236913913
A02,1,Left_Hand,C4,Beta,71,12.329458842562413,5.822851580671278,-6.506607261891136,-0.03886925795052998,-0.02708237236913913
A02,2,Right_Hand,C4,Beta,71,17.297733828569555,15.76871049478432,-1.5290233337852313,-0.03886925795052998,-0.02708237236913913
A02,3,Feet,C4,Beta,69,0.3712323725596323,0.009566100353809505,-0.3616662722058224,-0.03886925795052998,-0.02708237236913913
A02,4,Tongue,C4,Beta,72,15.904791336447635,0.7413693704999446,-15.16342196594769,-0.03886925795052998,-0.02708237236913913
A03,1,Left_Hand,C3,Mu,67,12.29747208949279,23.13371867214593,10.83624658265314,-0.00366300366300365,-0.001569319265132707
A03,2,Right_Hand,C3,Mu,70,-12.1336341665058,-42.20425458911437,-30.07062042260858,-0.00366300366300365,-0.001569319265132707
A03,3,Feet,C3,Mu,68,63.21648528393202,95.12625932808817,31.909774044156155,-0.00366300366300365,-0.001569319265132707
A03,4,Tongue,C3,Mu,68,55.5778186822796,55.48285241085384,-0.09496627142575935,-0.00366300366300365,-0.001569319265132707
A03,1,Left_Hand,C3,Beta,67,2.273752712966103,-5.635307991326818,-7.90906070429292,-0.00366300366300365,-0.001569319265132707
A03,2,Right_Hand,C3,Beta,70,8.725618310027414,-7.4707142275347636,-16.196332537562178,-0.00366300366300365,-0.001569319265132707
A03,3,Feet,C3,Beta,68,9.496384253262587,4.4936248034743835,-5.002759449788204,-0.00366300366300365,-0.001569319265132707
A03,4,Tongue,C3,Beta,68,12.040242353380076,10.330219702449856,-1.7100226509302174,-0.00366300366300365,-0.001569319265132707
A03,1,Left_Hand,Cz,Mu,67,99.66335039665125,75.4183858403127,-24.244964556338577,-0.00366300366300365,-0.001569319265132707
A03,2,Right_Hand,Cz,Mu,70,73.73559404763678,61.920903863603506,-11.814690184033285,-0.00366300366300365,-0.001569319265132707
A03,3,Feet,Cz,Mu,68,130.0092852477155,125.64760511917997,-4.3616801285355224,-0.00366300366300365,-0.001569319265132707
A03,4,Tongue,Cz,Mu,68,83.55309003305635,120.59245926574306,37.0393692326867,-0.00366300366300365,-0.001569319265132707
A03,1,Left_Hand,Cz,Beta,67,-5.668376315207243,-14.800586483901633,-9.132210168694389,-0.00366300366300365,-0.001569319265132707
A03,2,Right_Hand,Cz,Beta,70,8.013882717876056,-7.96432697750868,-15.978209695384738,-0.00366300366300365,-0.001569319265132707
A03,3,Feet,Cz,Beta,68,11.30574629604032,-0.3389373771029733,-11.644683673143296,-0.00366300366300365,-0.001569319265132707
A03,4,Tongue,Cz,Beta,68,11.6229942553627,4.410991761061431,-7.212002494301268,-0.00366300366300365,-0.001569319265132707
A03,1,Left_Hand,C4,Mu,67,34.927929609887364,16.438191863908695,-18.489737745978672,-0.00366300366300365,-0.001569319265132707
A03,2,Right_Hand,C4,Mu,70,60.659137742610774,64.00850988693988,3.3493721443291076,-0.00366300366300365,-0.001569319265132707
A03,3,Feet,C4,Mu,68,85.45562258863295,123.40412782242389,37.94850523379095,-0.00366300366300365,-0.001569319265132707
A03,4,Tongue,C4,Mu,68,99.1846017249731,113.43131783749924,14.246716112526125,-0.00366300366300365,-0.001569319265132707
A03,1,Left_Hand,C4,Beta,67,-2.2913057821380916,-14.418102128980445,-12.126796346842351,-0.00366300366300365,-0.001569319265132707
A03,2,Right_Hand,C4,Beta,70,2.946378709273002,-9.774454980867425,-12.720833690140426,-0.00366300366300365,-0.001569319265132707
A03,3,Feet,C4,Beta,68,15.851709758996076,5.754693756833947,-10.09701600216213,-0.00366300366300365,-0.001569319265132707
A03,4,Tongue,C4,Beta,68,11.593608486325062,14.249983425763336,2.6563749394382747,-0.00366300366300365,-0.001569319265132707
A04,1,Left_Hand,C3,Mu,59,105.10458829346567,86.67459838426115,-18.429989909204533,-0.02631578947368418,-0.027482121801537418
A04,2,Right_Hand,C3,Mu,57,102.92476974558602,82.73586817492915,-20.188901570656856,-0.02631578947368418,-0.027482121801537418
A04,3,Feet,C3,Mu,59,167.90225615110623,147.2405218999161,-20.66173425119014,-0.02631578947368418,-0.027482121801537418
A04,4,Tongue,C3,Mu,53,132.23982847890252,119.36856897965627,-12.871259499246241,-0.02631578947368418,-0.027482121801537418
A04,1,Left_Hand,C3,Beta,59,2.5716035681293024,0.5567805961010374,-2.0148229720282655,-0.02631578947368418,-0.027482121801537418
A04,2,Right_Hand,C3,Beta,57,2.4970022568541785,0.37421468938667296,-2.1227875674675047,-0.02631578947368418,-0.027482121801537418
A04,3,Feet,C3,Beta,59,15.922043306728387,18.06498104536901,2.1429377386406228,-0.02631578947368418,-0.027482121801537418
A04,4,Tongue,C3,Beta,53,17.03851731543982,15.953996818911351,-1.084520496528466,-0.02631578947368418,-0.027482121801537418
A04,1,Left_Hand,Cz,Mu,59,87.2291391323014,77.51347835134142,-9.715660780959992,-0.02631578947368418,-0.027482121801537418
A04,2,Right_Hand,Cz,Mu,57,99.20655146153312,76.43305287417115,-22.773498587361964,-0.02631578947368418,-0.027482121801537418
A04,3,Feet,Cz,Mu,59,192.45025805093942,178.1024536840565,-14.347804366882945,-0.02631578947368418,-0.027482121801537418
A04,4,Tongue,Cz,Mu,53,121.88842897949542,99.11623607510755,-22.77219290438786,-0.02631578947368418,-0.027482121801537418
A04,1,Left_Hand,Cz,Beta,59,-0.2780296678400073,-5.813025241642409,-5.534995573802402,-0.02631578947368418,-0.027482121801537418
A04,2,Right_Hand,Cz,Beta,57,6.076502416225778,3.3956944293018188,-2.6808079869239574,-0.02631578947368418,-0.027482121801537418
A04,3,Feet,Cz,Beta,59,23.684047555383543,24.334345596182555,0.6502980407990172,-0.02631578947368418,-0.027482121801537418
A04,4,Tongue,Cz,Beta,53,37.56371573179977,40.732876857435926,3.169161125636157,-0.02631578947368418,-0.027482121801537418
A04,1,Left_Hand,C4,Mu,59,87.99532405179805,92.23741038063324,4.242086328835159,-0.02631578947368418,-0.027482121801537418
A04,2,Right_Hand,C4,Mu,57,99.33841749959589,92.09919533047142,-7.239222169124465,-0.02631578947368418,-0.027482121801537418
A04,3,Feet,C4,Mu,59,201.78857685664704,184.82062305241004,-16.96795380423695,-0.02631578947368418,-0.027482121801537418
A04,4,Tongue,C4,Mu,53,113.3468697040983,102.89419737222015,-10.452672331878158,-0.02631578947368418,-0.027482121801537418
A04,1,Left_Hand,C4,Beta,59,7.427227383893984,9.367429082652443,1.9402016987584585,-0.02631578947368418,-0.027482121801537418
A04,2,Right_Hand,C4,Beta,57,20.507568817267515,21.129345720124107,0.6217769028565898,-0.02631578947368418,-0.027482121801537418
A04,3,Feet,C4,Beta,59,39.82813842003245,42.29399068005135,2.4658522600189032,-0.02631578947368418,-0.027482121801537418
A04,4,Tongue,C4,Beta,53,50.71518756576946,54.68321409642687,3.9680265306574114,-0.02631578947368418,-0.027482121801537418
A05,1,Left_Hand,C3,Mu,70,52.46392495815415,78.21288579145657,25.74896083330243,0.021739130434782594,0.06250575637185948
A05,2,Right_Hand,C3,Mu,65,64.21407432700842,108.36894425736877,44.15486993036035,0.021739130434782594,0.06250575637185948
A05,3,Feet,C3,Mu,72,56.95249159682486,88.43536754605869,31.48287594923382,0.021739130434782594,0.06250575637185948
A05,4,Tongue,C3,Mu,69,80.84690562529718,131.4439592156206,50.59705359032342,0.021739130434782594,0.06250575637185948
A05,1,Left_Hand,C3,Beta,70,10.493548885829204,8.093039399104384,-2.400509486724818,0.021739130434782594,0.06250575637185948
A05,2,Right_Hand,C3,Beta,65,1.204574226646421,4.098102390442948,2.8935281637965264,0.021739130434782594,0.06250575637185948
A05,3,Feet,C3,Beta,72,8.265484261212338,9.548838586241787,1.2833543250294477,0.021739130434782594,0.06250575637185948
A05,4,Tongue,C3,Beta,69,9.043819528460984,7.85151460172278,-1.192304926738205,0.021739130434782594,0.06250575637185948
A05,1,Left_Hand,Cz,Mu,70,53.67829921635092,89.07143036280829,35.39313114645736,0.021739130434782594,0.06250575637185948
A05,2,Right_Hand,Cz,Mu,65,77.94128158174674,98.62457011239174,20.683288530644987,0.021739130434782594,0.06250575637185948
A05,3,Feet,Cz,Mu,72,45.26919364699021,55.51462293126151,10.245429284271301,0.021739130434782594,0.06250575637185948
A05,4,Tongue,Cz,Mu,69,64.85129480105542,76.05130582173841,11.200011020682998,0.021739130434782594,0.06250575637185948
A05,1,Left_Hand,Cz,Beta,70,10.619135758947282,7.418379098181629,-3.2007566607656526,0.021739130434782594,0.06250575637185948
A05,2,Right_Hand,Cz,Beta,65,-0.9307312043770459,0.5742933608138875,1.5050245651909333,0.021739130434782594,0.06250575637185948
A05,3,Feet,Cz,Beta,72,7.9006343128500305,8.581824813652792,0.6811905008027629,0.021739130434782594,0.06250575637185948
A05,4,Tongue,Cz,Beta,69,7.80541283830791,5.56207632195067,-2.2433365163572394,0.021739130434782594,0.06250575637185948
A05,1,Left_Hand,C4,Mu,70,61.17804232585268,107.04175970960583,45.863717383753155,0.021739130434782594,0.06250575637185948
A05,2,Right_Hand,C4,Mu,65,80.3373436097526,111.29960795531665,30.96226434556405,0.021739130434782594,0.06250575637185948
A05,3,Feet,C4,Mu,72,68.13539961243856,86.43216206362766,18.296762451189103,0.021739130434782594,0.06250575637185948
A05,4,Tongue,C4,Mu,69,62.00661012293636,69.98984859507486,7.983238472138504,0.021739130434782594,0.06250575637185948
A05,1,Left_Hand,C4,Beta,70,10.114003826299395,6.339814859283825,-3.7741889670155713,0.021739130434782594,0.06250575637185948
A05,2,Right_Hand,C4,Beta,65,-2.0162791519438623,0.7199193367817411,2.7361984887256035,0.021739130434782594,0.06250575637185948
A05,3,Feet,C4,Beta,72,7.652766989143002,8.917283438177195,1.2645164490341945,0.021739130434782594,0.06250575637185948
A05,4,Tongue,C4,Beta,69,7.6939875773459265,8.757887559860809,1.0638999825148825,0.021739130434782594,0.06250575637185948
A06,1,Left_Hand,C3,Mu,53,150.3921896650915,135.68939691501063,-14.702792750080881,0.0,0.002460527644751187
A06,2,Right_Hand,C3,Mu,55,119.31192463441754,110.43068603988633,-8.881238594531185,0.0,0.002460527644751187
A06,3,Feet,C3,Mu,54,203.87064250379137,179.7285691313007,-24.14207337249069,0.0,0.002460527644751187
A06,4,Tongue,C3,Mu,53,157.304804466818,80.59067109828389,-76.71413336853412,0.0,0.002460527644751187
A06,1,Left_Hand,C3,Beta,53,12.492570735349448,8.513091012678876,-3.979479722670573,0.0,0.002460527644751187
A06,2,Right_Hand,C3,Beta,55,-3.985739308138373,-1.863672334074416,2.122066974063956,0.0,0.002460527644751187
A06,3,Feet,C3,Beta,54,29.769839456707366,41.13197925805376,11.362139801346393,0.0,0.002460527644751187
A06,4,Tongue,C3,Beta,53,15.89891522152689,13.93682444155016,-1.9620907799767333,0.0,0.002460527644751187
A06,1,Left_Hand,Cz,Mu,53,150.05852257437235,155.2434767101038,5.184954135731445,0.0,0.002460527644751187
A06,2,Right_Hand,Cz,Mu,55,193.26840902696532,177.89691932653085,-15.371489700434497,0.0,0.002460527644751187
A06,3,Feet,Cz,Mu,54,185.88456847703748,169.3127074857309,-16.5718609913066,0.0,0.002460527644751187
A06,4,Tongue,Cz,Mu,53,200.5507842582784,172.53025394811138,-28.02053031016703,0.0,0.002460527644751187
A06,1,Left_Hand,Cz,Beta,53,5.434990889304488,-3.5773495278713456,-9.012340417175833,0.0,0.002460527644751187
A06,2,Right_Hand,Cz,Beta,55,-0.4804398291045136,-7.554621892246592,-7.074182063142079,0.0,0.002460527644751187
A06,3,Feet,Cz,Beta,54,8.660804908924183,12.390845562414485,3.7300406534903034,0.0,0.002460527644751187
A06,4,Tongue,Cz,Beta,53,0.2901573407263216,-7.797725834858682,-8.087883175585004,0.0,0.002460527644751187
A06,1,Left_Hand,C4,Mu,53,61.28873536563177,27.999887651035248,-33.288847714596535,0.0,0.002460527644751187
A06,2,Right_Hand,C4,Mu,55,92.64638399603821,102.6466511950381,10.000267198999897,0.0,0.002460527644751187
A06,3,Feet,C4,Mu,54,113.14503249571256,77.62765119469113,-35.51738130102142,0.0,0.002460527644751187
A06,4,Tongue,C4,Mu,53,65.38100048083068,32.14431096449096,-33.23668951633972,0.0,0.002460527644751187
A06,1,Left_Hand,C4,Beta,53,12.636730195074716,4.222236768628047,-8.414493426446667,0.0,0.002460527644751187
A06,2,Right_Hand,C4,Beta,55,17.281583284999453,16.856041486615787,-0.4255417983836666,0.0,0.002460527644751187
A06,3,Feet,C4,Beta,54,28.76267610233034,42.77322936871356,14.01055326638321,0.0,0.002460527644751187
A06,4,Tongue,C4,Beta,53,19.25973527331491,17.51199095052897,-1.747744322785941,0.0,0.002460527644751187
A07,1,Left_Hand,C3,Mu,71,50.64812417131907,34.648040087387045,-16.000084083932027,0.06137184115523464,0.06590353977961971
A07,2,Right_Hand,C3,Mu,69,82.76822643476507,64.77810286289413,-17.990123571870942,0.06137184115523464,0.06590353977961971
A07,3,Feet,C3,Mu,71,92.3556306274016,95.4198708645652,3.064240237163586,0.06137184115523464,0.06590353977961971
A07,4,Tongue,C3,Mu,66,88.79274538286455,94.9234093817828,6.130663998918251,0.06137184115523464,0.06590353977961971
A07,1,Left_Hand,C3,Beta,71,-21.843022086281735,-29.80824380471616,-7.96522171843442,0.06137184115523464,0.06590353977961971
A07,2,Right_Hand,C3,Beta,69,-27.76905126115138,-37.658164475607684,-9.889113214456302,0.06137184115523464,0.06590353977961971
A07,3,Feet,C3,Beta,71,-9.331901686249841,-14.096665330335599,-4.764763644085756,0.06137184115523464,0.06590353977961971
A07,4,Tongue,C3,Beta,66,-10.089904558463937,-14.569297169813069,-4.479392611349131,0.06137184115523464,0.06590353977961971
A07,1,Left_Hand,Cz,Mu,71,86.29459403849215,78.89517786976464,-7.3994161687275,0.06137184115523464,0.06590353977961971
A07,2,Right_Hand,Cz,Mu,69,91.6891706209051,96.67947533638487,4.990304715479744,0.06137184115523464,0.06590353977961971
A07,3,Feet,Cz,Mu,71,116.41270361885414,130.82480287727162,14.4120992584175,0.06137184115523464,0.06590353977961971
A07,4,Tongue,Cz,Mu,66,108.19907344843604,118.24635540206911,10.047281953633096,0.06137184115523464,0.06590353977961971
A07,1,Left_Hand,Cz,Beta,71,-11.372531676695703,-17.76227095702177,-6.389739280326067,0.06137184115523464,0.06590353977961971
A07,2,Right_Hand,Cz,Beta,69,-18.99395736958592,-28.516953898512316,-9.522996528926397,0.06137184115523464,0.06590353977961971
A07,3,Feet,Cz,Beta,71,-29.681484636320192,-35.71286230174784,-6.031377665427642,0.06137184115523464,0.06590353977961971
A07,4,Tongue,Cz,Beta,66,-14.618406069974682,-21.443025122187432,-6.824619052212753,0.06137184115523464,0.06590353977961971
A07,1,Left_Hand,C4,Mu,71,48.92533181938477,37.74386033909807,-11.1814714802867,0.06137184115523464,0.06590353977961971
A07,2,Right_Hand,C4,Mu,69,75.49835734112625,69.57976199326748,-5.918595347858767,0.06137184115523464,0.06590353977961971
A07,3,Feet,C4,Mu,71,101.49168154867054,103.94497571662377,2.4532941679532456,0.06137184115523464,0.06590353977961971
A07,4,Tongue,C4,Mu,66,132.47472099845714,129.5562616245233,-2.918459373933815,0.06137184115523464,0.06590353977961971
A07,1,Left_Hand,C4,Beta,71,-20.11392182694077,-29.94049132577121,-9.82656949883044,0.06137184115523464,0.06590353977961971
A07,2,Right_Hand,C4,Beta,69,-5.516989695957839,-14.552829760268082,-9.035840064310243,0.06137184115523464,0.06590353977961971
A07,3,Feet,C4,Beta,71,-4.804715306554612,-8.346618367964911,-3.5419030614102986,0.06137184115523464,0.06590353977961971
A07,4,Tongue,C4,Beta,66,-4.302812472037446,-10.214543809387447,-5.911731337350002,0.06137184115523464,0.06590353977961971
A08,1,Left_Hand,C3,Mu,66,86.25965490390627,51.69207971392395,-34.567575189982314,0.0,-0.0021923887083538096
A08,2,Right_Hand,C3,Mu,68,113.33847111642477,36.14101798510221,-77.19745313132256,0.0,-0.0021923887083538096
A08,3,Feet,C3,Mu,69,86.26288400907836,50.08584463510957,-36.17703937396879,0.0,-0.0021923887083538096
A08,4,Tongue,C3,Mu,68,106.23938716249653,80.38106153519313,-25.858325627303394,0.0,-0.0021923887083538096
A08,1,Left_Hand,C3,Beta,66,-0.4674621431901823,-3.315929615381445,-2.8484674721912624,0.0,-0.0021923887083538096
A08,2,Right_Hand,C3,Beta,68,2.715131250229326,-2.981208351684038,-5.6963396019133645,0.0,-0.0021923887083538096
A08,3,Feet,C3,Beta,69,17.341124840551206,2.4012820031352136,-14.939842837415995,0.0,-0.0021923887083538096
A08,4,Tongue,C3,Beta,68,13.309992640902053,16.975425479923853,3.665432839021797,0.0,-0.0021923887083538096
A08,1,Left_Hand,Cz,Mu,66,79.83806173521667,40.1272381653054,-39.71082356991128,0.0,-0.0021923887083538096
A08,2,Right_Hand,Cz,Mu,68,81.14796499392736,60.4186945787728,-20.72927041515456,0.0,-0.0021923887083538096
A08,3,Feet,Cz,Mu,69,63.84636042991015,91.37809394567033,27.53173351576019,0.0,-0.0021923887083538096
A08,4,Tongue,Cz,Mu,68,194.78932103571245,188.14834526537066,-6.640975770341842,0.0,-0.0021923887083538096
A08,1,Left_Hand,Cz,Beta,66,-1.1413341535453887,-8.024816330746527,-6.883482177201138,0.0,-0.0021923887083538096
A08,2,Right_Hand,Cz,Beta,68,4.878369651622177,3.147710556097764,-1.730659095524413,0.0,-0.0021923887083538096
A08,3,Feet,Cz,Beta,69,22.142353054967124,-1.5468297898465269,-23.689182844813647,0.0,-0.0021923887083538096
A08,4,Tongue,Cz,Beta,68,19.90368824620154,22.934326464288727,3.030638218087188,0.0,-0.0021923887083538096
A08,1,Left_Hand,C4,Mu,66,61.71212782898641,4.820018482188452,-56.89210934679795,0.0,-0.0021923887083538096
A08,2,Right_Hand,C4,Mu,68,59.91956558734024,38.409190688267415,-21.510374899072826,0.0,-0.0021923887083538096
A08,3,Feet,C4,Mu,69,65.08342985431631,94.35786541118125,29.274435556864933,0.0,-0.0021923887083538096
A08,4,Tongue,C4,Mu,68,212.6699488249091,163.29329630915657,-49.376652515752504,0.0,-0.0021923887083538096
A08,1,Left_Hand,C4,Beta,66,-1.5379094078035596,-9.784984270892599,-8.247074863089038,0.0,-0.0021923887083538096
A08,2,Right_Hand,C4,Beta,68,6.650191846416936,6.393166432723049,-0.25702541369388515,0.0,-0.0021923887083538096
A08,3,Feet,C4,Beta,69,15.749214844162822,-0.023526787284133342,-15.772741631446953,0.0,-0.0021923887083538096
A08,4,Tongue,C4,Beta,68,9.354797629303572,2.7620931406347675,-6.592704488668804,0.0,-0.0021923887083538096
A09,1,Left_Hand,C3,Mu,65,36.41345979966621,20.510344924926805,-15.903114874739405,-0.018939393939393923,-0.015270997623866744
A09,2,Right_Hand,C3,Mu,65,125.5755222790191,161.5070037735536,35.93148149453453,-0.018939393939393923,-0.015270997623866744
A09,3,Feet,C3,Mu,69,69.51252247807832,64.91626180487252,-4.5962606732058,-0.018939393939393923,-0.015270997623866744
A09,4,Tongue,C3,Mu,65,148.55810247070252,140.67343932189974,-7.884663148802795,-0.018939393939393923,-0.015270997623866744
A09,1,Left_Hand,C3,Beta,65,-12.198531076452472,-15.896283013514429,-3.6977519370619567,-0.018939393939393923,-0.015270997623866744
A09,2,Right_Hand,C3,Beta,65,2.484453384122742,-0.25376960196349735,-2.7382229860862393,-0.018939393939393923,-0.015270997623866744
A09,3,Feet,C3,Beta,69,7.926798889948239,8.201574939418059,0.27477604946981943,-0.018939393939393923,-0.015270997623866744
A09,4,Tongue,C3,Beta,65,44.927389565981215,56.35699947403226,11.429609908051036,-0.018939393939393923,-0.015270997623866744
A09,1,Left_Hand,Cz,Mu,65,46.98087126289068,46.27180128993747,-0.7090699729531934,-0.018939393939393923,-0.015270997623866744
A09,2,Right_Hand,Cz,Mu,65,89.73151710947639,83.2084842695126,-6.5230328399638084,-0.018939393939393923,-0.015270997623866744
A09,3,Feet,Cz,Mu,69,80.13837354868474,64.18881590339168,-15.949557645293043,-0.018939393939393923,-0.015270997623866744
A09,4,Tongue,Cz,Mu,65,186.52576075999949,177.4798825685149,-9.045878191484565,-0.018939393939393923,-0.015270997623866744
A09,1,Left_Hand,Cz,Beta,65,-11.694177018445748,-15.438616587632561,-3.7444395691868126,-0.018939393939393923,-0.015270997623866744
A09,2,Right_Hand,Cz,Beta,65,-5.683706499657956,-10.297405110224698,-4.613698610566742,-0.018939393939393923,-0.015270997623866744
A09,3,Feet,Cz,Beta,69,7.080755689502468,-1.4526125961738057,-8.533368285676273,-0.018939393939393923,-0.015270997623866744
A09,4,Tongue,Cz,Beta,65,16.856387569237906,18.710126981654394,1.8537394124164903,-0.018939393939393923,-0.015270997623866744
A09,1,Left_Hand,C4,Mu,65,-11.606665280541879,-35.811975036339014,-24.205309755797135,-0.018939393939393923,-0.015270997623866744
A09,2,Right_Hand,C4,Mu,65,67.22201335822012,60.03522010976133,-7.186793248458787,-0.018939393939393923,-0.015270997623866744
A09,3,Feet,C4,Mu,69,73.05568156473922,61.70792061411276,-11.347760950626473,-0.018939393939393923,-0.015270997623866744
A09,4,Tongue,C4,Mu,65,112.1322923536223,110.4960987677478,-1.6361935858745358,-0.018939393939393923,-0.015270997623866744
A09,1,Left_Hand,C4,Beta,65,-30.304079743066232,-34.828049211160916,-4.523969468094685,-0.018939393939393923,-0.015270997623866744
A09,2,Right_Hand,C4,Beta,65,0.10507331249227951,3.41785467143183,3.3127813589395503,-0.018939393939393923,-0.015270997623866744
A09,3,Feet,C4,Beta,69,-0.3697700276416759,-8.868334849041352,-8.498564821399675,-0.018939393939393923,-0.015270997623866744
A09,4,Tongue,C4,Beta,65,11.438390831045501,19.146521251081754,7.708130420036256,-0.018939393939393923,-0.015270997623866744
